"npi","nq","ns","fci","sk","su"
0.327083333333333,0.15,0.2625,0.0979166666666667,0.08125,0.08125
